lead,gate,arch,test_acc,test_acc_sd,test_f1,test_auroc,agree
3,none,small_relu,0.5469255663430421,0.20691737686920106,0.44772079772079776,0.8222871994801819,
3,pixel,small_relu,0.5728155339805826,0.21982663686397017,0.3494320025965596,0.8260233918128655,0.6320438589530313
3,tile_2x2,small_relu,0.56957928802589,0.21772023548937428,0.33665973665973664,0.8255360623781677,0.5739795238871439
3,tile_4x4,small_relu,0.5728155339805826,0.21982663686397017,0.3494320025965596,0.8260233918128655,0.6163342404282246
6,none,small_relu,0.6990291262135923,0.02858175037646551,0.10263157894736841,0.6216699155295647,
6,pixel,small_relu,0.7216828478964401,0.022883714601506382,0.05263157894736842,0.6208576998050682,0.49681045968992626
6,tile_2x2,small_relu,0.7216828478964401,0.022883714601506382,0.05263157894736842,0.6182586094866797,0.42657626521773806
6,tile_4x4,small_relu,0.6990291262135923,0.02858175037646551,0.10263157894736841,0.6192332683560754,0.2644251456585359
